<?xml version='1.0' encoding='utf-8'?>
<rows>
  <page>1</page>
  <total>2</total>
  <records>13</records>
  <userdata name='tamount'>3820.00</userdata>
  <userdata name='ttax'>462.00</userdata>
  <userdata name='ttotal'>4284.00</userdata>
  <row id='1'>
    <cell>1</cell><cell>2007-10-01</cell><cell><![CDATA[Client 1]]></cell><cell>100.00</cell><cell>20.00</cell><cell>120.00</cell><cell><![CDATA[note 1]]></cell>
  </row>
  <row id='2'>
    <cell>2</cell><cell>2007-10-03</cell><cell><![CDATA[Client 1]]></cell><cell>200.00</cell><cell>40.00</cell><cell>240.00</cell><cell><![CDATA[note 2]]></cell>
  </row>
  <row id='3'>
    <cell>3</cell><cell>2007-10-02</cell><cell><![CDATA[Client 2]]></cell><cell>300.00</cell><cell>60.00</cell><cell>360.00</cell><cell><![CDATA[note invoice 3 & and amp test]]></cell>
  </row>
  <row id='4'>
    <cell>4</cell><cell>2007-10-04</cell><cell><![CDATA[Client 3]]></cell><cell>150.00</cell><cell>0.00</cell><cell>150.00</cell><cell><![CDATA[no tax]]></cell>
  </row>
  <row id='5'>
    <cell>5</cell><cell>2007-10-05</cell><cell><![CDATA[Client 3]]></cell><cell>100.00</cell><cell>0.00</cell><cell>100.00</cell><cell><![CDATA[no tax at all]]></cell>
  </row>
  <row id='6'>
    <cell>6</cell><cell>2007-10-05</cell><cell><![CDATA[Client 1]]></cell><cell>50.00</cell><cell>10.00</cell><cell>60.00</cell><cell><![CDATA[]]></cell>
  </row>
  <row id='7'>
    <cell>7</cell><cell>2007-10-05</cell><cell><![CDATA[Client 2]]></cell><cell>120.00</cell><cell>12.00</cell><cell>134.00</cell><cell><![CDATA[]]></cell>
  </row>
  <row id='8'>
    <cell>8</cell><cell>2007-10-06</cell><cell><![CDATA[Client 3]]></cell><cell>200.00</cell><cell>0.00</cell><cell>200.00</cell><cell><![CDATA[]]></cell>
  </row>
  <row id='9'>
    <cell>9</cell><cell>2007-10-06</cell><cell><![CDATA[Client 1]]></cell><cell>200.00</cell><cell>40.00</cell><cell>240.00</cell><cell><![CDATA[]]></cell>
  </row>
  <row id='10'>
    <cell>10</cell><cell>2007-10-06</cell><cell><![CDATA[Client 2]]></cell><cell>100.00</cell><cell>20.00</cell><cell>120.00</cell><cell><![CDATA[]]></cell>
  </row>
</rows>